<?xml version="1.0" encoding="UTF-8" standalone="yes"?>
<wp:e2oholder xmlns:wp="http://schemas.openxmlformats.org/drawingml/2006/wordprocessingDrawing"><wp:effectOffset l="0" t="0" r="0" b="0"/><a:graphic xmlns:a="http://schemas.openxmlformats.org/drawingml/2006/main"><a:graphicData uri="http://schemas.microsoft.com/office/word/2010/wordprocessingGroup"><wpg:wgp xmlns:wpg="http://schemas.microsoft.com/office/word/2010/wordprocessingGroup"><wpg:cNvPr id="9" name="Group 9"/><wpg:cNvGrpSpPr/><wpg:grpSpPr><a:xfrm><a:off x="0" y="0"/><a:ext cx="1362075" cy="813561"/><a:chOff x="0" y="0"/><a:chExt cx="727710" cy="434340"/></a:xfrm></wpg:grpSpPr><wps:wsp xmlns:wps="http://schemas.microsoft.com/office/word/2010/wordprocessingShape"><wps:cNvPr id="4" name="Oval 4"/><wps:cNvSpPr/><wps:spPr><a:xfrm><a:off x="0" y="0"/><a:ext cx="727710" cy="434340"/></a:xfrm><a:prstGeom prst="ellipse"><a:avLst/></a:prstGeom><a:solidFill><a:schemeClr val="bg1"><a:lumMod val="85000"/></a:schemeClr></a:solidFill><a:ln w="6350"><a:solidFill><a:schemeClr val="tx1"/></a:solidFill></a:ln></wps:spPr><wps:style><a:lnRef idx="2"><a:schemeClr val="accent3"><a:shade val="50000"/></a:schemeClr></a:lnRef><a:fillRef idx="1"><a:schemeClr val="accent3"/></a:fillRef><a:effectRef idx="0"><a:schemeClr val="accent3"/></a:effectRef><a:fontRef idx="minor"><a:schemeClr val="lt1"/></a:fontRef></wps:style><wps:bodyPr rot="0" spcFirstLastPara="0" vertOverflow="overflow" horzOverflow="overflow" vert="horz" wrap="square" lIns="91440" tIns="45720" rIns="91440" bIns="45720" numCol="1" spcCol="0" rtlCol="0" fromWordArt="0" anchor="ctr" anchorCtr="0" forceAA="0" compatLnSpc="1"><a:prstTxWarp prst="textNoShape"><a:avLst/></a:prstTxWarp><a:noAutofit/></wps:bodyPr></wps:wsp><wps:wsp xmlns:wps="http://schemas.microsoft.com/office/word/2010/wordprocessingShape"><wps:cNvPr id="1" name="Rectangle 1"/><wps:cNvSpPr/><wps:spPr><a:xfrm rot="2700000"><a:off x="74463" y="50634"/><a:ext cx="335826" cy="336185"/></a:xfrm><a:prstGeom prst="rect"><a:avLst/></a:prstGeom><a:solidFill><a:schemeClr val="bg1"><a:lumMod val="65000"/></a:schemeClr></a:solidFill><a:ln><a:solidFill><a:schemeClr val="tx1"/></a:solidFill></a:ln></wps:spPr><wps:style><a:lnRef idx="2"><a:schemeClr val="accent1"><a:shade val="50000"/></a:schemeClr></a:lnRef><a:fillRef idx="1"><a:schemeClr val="accent1"/></a:fillRef><a:effectRef idx="0"><a:schemeClr val="accent1"/></a:effectRef><a:fontRef idx="minor"><a:schemeClr val="lt1"/></a:fontRef></wps:style><wps:bodyPr rot="0" spcFirstLastPara="0" vertOverflow="overflow" horzOverflow="overflow" vert="horz" wrap="square" lIns="91440" tIns="45720" rIns="91440" bIns="45720" numCol="1" spcCol="0" rtlCol="0" fromWordArt="0" anchor="ctr" anchorCtr="0" forceAA="0" compatLnSpc="1"><a:prstTxWarp prst="textNoShape"><a:avLst/></a:prstTxWarp><a:noAutofit/></wps:bodyPr></wps:wsp><wps:wsp xmlns:wps="http://schemas.microsoft.com/office/word/2010/wordprocessingShape"><wps:cNvPr id="2" name="Rectangle 2"/><wps:cNvSpPr/><wps:spPr><a:xfrm rot="2700000"><a:off x="321679" y="53612"/><a:ext cx="335826" cy="336185"/></a:xfrm><a:prstGeom prst="rect"><a:avLst/></a:prstGeom><a:solidFill><a:schemeClr val="bg1"><a:lumMod val="65000"/></a:schemeClr></a:solidFill><a:ln><a:solidFill><a:schemeClr val="tx1"/></a:solidFill></a:ln></wps:spPr><wps:style><a:lnRef idx="2"><a:schemeClr val="accent1"><a:shade val="50000"/></a:schemeClr></a:lnRef><a:fillRef idx="1"><a:schemeClr val="accent1"/></a:fillRef><a:effectRef idx="0"><a:schemeClr val="accent1"/></a:effectRef><a:fontRef idx="minor"><a:schemeClr val="lt1"/></a:fontRef></wps:style><wps:bodyPr rot="0" spcFirstLastPara="0" vertOverflow="overflow" horzOverflow="overflow" vert="horz" wrap="square" lIns="91440" tIns="45720" rIns="91440" bIns="45720" numCol="1" spcCol="0" rtlCol="0" fromWordArt="0" anchor="ctr" anchorCtr="0" forceAA="0" compatLnSpc="1"><a:prstTxWarp prst="textNoShape"><a:avLst/></a:prstTxWarp><a:noAutofit/></wps:bodyPr></wps:wsp><wps:wsp xmlns:wps="http://schemas.microsoft.com/office/word/2010/wordprocessingShape"><wps:cNvPr id="3" name="Rectangle 3"/><wps:cNvSpPr/><wps:spPr><a:xfrm rot="5400000"><a:off x="244237" y="104247"/><a:ext cx="234707" cy="234958"/></a:xfrm><a:prstGeom prst="rect"><a:avLst/></a:prstGeom><a:noFill/><a:ln w="12700"><a:solidFill><a:schemeClr val="tx1"/></a:solidFill></a:ln></wps:spPr><wps:style><a:lnRef idx="2"><a:schemeClr val="accent1"><a:shade val="50000"/></a:schemeClr></a:lnRef><a:fillRef idx="1"><a:schemeClr val="accent1"/></a:fillRef><a:effectRef idx="0"><a:schemeClr val="accent1"/></a:effectRef><a:fontRef idx="minor"><a:schemeClr val="lt1"/></a:fontRef></wps:style><wps:bodyPr rot="0" spcFirstLastPara="0" vertOverflow="overflow" horzOverflow="overflow" vert="horz" wrap="square" lIns="91440" tIns="45720" rIns="91440" bIns="45720" numCol="1" spcCol="0" rtlCol="0" fromWordArt="0" anchor="ctr" anchorCtr="0" forceAA="0" compatLnSpc="1"><a:prstTxWarp prst="textNoShape"><a:avLst/></a:prstTxWarp><a:noAutofit/></wps:bodyPr></wps:wsp><wps:wsp xmlns:wps="http://schemas.microsoft.com/office/word/2010/wordprocessingShape"><wps:cNvPr id="5" name="Rectangle 5"/><wps:cNvSpPr/><wps:spPr><a:xfrm rot="8100000"><a:off x="157861" y="142968"/><a:ext cx="159895" cy="159724"/></a:xfrm><a:prstGeom prst="rect"><a:avLst/></a:prstGeom><a:solidFill><a:schemeClr val="tx1"/></a:solidFill><a:ln><a:solidFill><a:schemeClr val="tx1"/></a:solidFill></a:ln></wps:spPr><wps:style><a:lnRef idx="2"><a:schemeClr val="accent1"><a:shade val="50000"/></a:schemeClr></a:lnRef><a:fillRef idx="1"><a:schemeClr val="accent1"/></a:fillRef><a:effectRef idx="0"><a:schemeClr val="accent1"/></a:effectRef><a:fontRef idx="minor"><a:schemeClr val="lt1"/></a:fontRef></wps:style><wps:bodyPr rot="0" spcFirstLastPara="0" vertOverflow="overflow" horzOverflow="overflow" vert="horz" wrap="square" lIns="91440" tIns="45720" rIns="91440" bIns="45720" numCol="1" spcCol="0" rtlCol="0" fromWordArt="0" anchor="ctr" anchorCtr="0" forceAA="0" compatLnSpc="1"><a:prstTxWarp prst="textNoShape"><a:avLst/></a:prstTxWarp><a:noAutofit/></wps:bodyPr></wps:wsp><wps:wsp xmlns:wps="http://schemas.microsoft.com/office/word/2010/wordprocessingShape"><wps:cNvPr id="7" name="Rectangle 7"/><wps:cNvSpPr/><wps:spPr><a:xfrm rot="8100000"><a:off x="402098" y="142968"/><a:ext cx="159385" cy="159385"/></a:xfrm><a:prstGeom prst="rect"><a:avLst/></a:prstGeom><a:solidFill><a:schemeClr val="tx1"/></a:solidFill><a:ln><a:solidFill><a:schemeClr val="tx1"/></a:solidFill></a:ln></wps:spPr><wps:style><a:lnRef idx="2"><a:schemeClr val="accent1"><a:shade val="50000"/></a:schemeClr></a:lnRef><a:fillRef idx="1"><a:schemeClr val="accent1"/></a:fillRef><a:effectRef idx="0"><a:schemeClr val="accent1"/></a:effectRef><a:fontRef idx="minor"><a:schemeClr val="lt1"/></a:fontRef></wps:style><wps:bodyPr rot="0" spcFirstLastPara="0" vertOverflow="overflow" horzOverflow="overflow" vert="horz" wrap="square" lIns="91440" tIns="45720" rIns="91440" bIns="45720" numCol="1" spcCol="0" rtlCol="0" fromWordArt="0" anchor="ctr" anchorCtr="0" forceAA="0" compatLnSpc="1"><a:prstTxWarp prst="textNoShape"><a:avLst/></a:prstTxWarp><a:noAutofit/></wps:bodyPr></wps:wsp><wps:wsp xmlns:wps="http://schemas.microsoft.com/office/word/2010/wordprocessingShape"><wps:cNvPr id="8" name="Rectangle 8"/><wps:cNvSpPr/><wps:spPr><a:xfrm rot="8100000"><a:off x="285936" y="139989"/><a:ext cx="159385" cy="159385"/></a:xfrm><a:prstGeom prst="rect"><a:avLst/></a:prstGeom><a:solidFill><a:schemeClr val="tx1"/></a:solidFill><a:ln><a:solidFill><a:schemeClr val="tx1"/></a:solidFill></a:ln></wps:spPr><wps:style><a:lnRef idx="2"><a:schemeClr val="accent1"><a:shade val="50000"/></a:schemeClr></a:lnRef><a:fillRef idx="1"><a:schemeClr val="accent1"/></a:fillRef><a:effectRef idx="0"><a:schemeClr val="accent1"/></a:effectRef><a:fontRef idx="minor"><a:schemeClr val="lt1"/></a:fontRef></wps:style><wps:bodyPr rot="0" spcFirstLastPara="0" vertOverflow="overflow" horzOverflow="overflow" vert="horz" wrap="square" lIns="91440" tIns="45720" rIns="91440" bIns="45720" numCol="1" spcCol="0" rtlCol="0" fromWordArt="0" anchor="ctr" anchorCtr="0" forceAA="0" compatLnSpc="1"><a:prstTxWarp prst="textNoShape"><a:avLst/></a:prstTxWarp><a:noAutofit/></wps:bodyPr></wps:wsp></wpg:wgp></a:graphicData></a:graphic></wp:e2oholder>